Sample,meanrr,sdnn,meanhr,sdhr,rmssd,nn50,pnn50,sdann,sdnni,hrvtri,tinn,vlfpeakfft,lfpeakfft,hfpeakfft,vlfpowfft,lfpowfft,hfpowfft,vlfpowprfft,lfpowprfft,hfpowprfft,lfpownufft,hfpownufft,totpowfft,lfhffft,vlfpeakar,lfpeakar,hfpeakar,vlfpowar,lfpowar,hfpowar,vlfpowprar,lfpowprar,hfpowprar,lfpownuar,hfpownuar,totpowar,lfhfar,edr,sd1,sd2,apen,sampen,d2,dfa1,dfa2,rplmean,rplmax,rprec,rpadet,rpshen,mse-1,mse-2,mse-3,mse-4,mse-5,mse-6,mse-7,mse-8,mse-9,mse-10,mse-11,mse-12,mse-13,mse-14,mse-15,mse-16,mse-17,mse-18,mse-19,mse-20,,,,,,,,,,,,,,,,,,,,,,,,,,,,,,,,,,,,,,,,,,,,,,,,,,,,
1,950.332776,98.577031,63.88446,7.292508,57.228417,1120,41.070774,25.627831,92.705026,24.141593,320,0.003906,0.085938,0.3125,4718.474038,2566.901101,987.367704,57.024322,31.02185,11.932666,72.184668,27.766091,8274.493877,2.599742,0.003906,0.042969,0.3125,4795.118051,2733.498038,1033.071022,55.996088,31.921048,12.063923,72.541387,27.415569,8563.309078,2.645992,0.222398,40.474052,133.39419,1.403434,1.491079,4.492221,1.293153,0.978601,13.075322,990,39.41569,99.12348,3.428619,1.491079,1.511015,1.491008,1.511379,1.553234,1.289027,1.507945,1.436013,1.447332,1.447746,1.444233,1.596345,1.630023,1.799586,1.796481,1.393017,1.408895,1.646902,1.736934,1.69552,,,,,,,,,,,,,,,,,,,,,,,,,,,,,,,,,,,,,,,,,,,,,,,,,,,,
2,822.21943,92.48414,73.901223,8.345945,54.705429,650,29.721079,26.092427,81.870852,25.149425,390,0,0.046875,0.207031,3387.388593,2793.120305,1475.441659,44.234847,36.474483,19.26733,65.407303,34.550843,7657.737871,1.893074,0.003906,0.042969,0.167969,4192.885321,2519.51637,1600.788944,50.424866,30.300441,19.251556,61.12024,38.83309,8315.114471,1.573922,0.166334,38.691489,124.895594,1.312295,1.344909,4.023434,1.193588,0.824204,9.194092,468.5,28.527993,98.130032,3.019822,1.344909,1.828463,1.898986,1.871729,1.6586,1.859296,1.777151,1.783705,1.702995,1.68219,1.573351,1.644677,1.507845,1.593819,1.57065,1.688573,1.679673,1.413684,1.733627,1.542074,,,,,,,,,,,,,,,,,,,,,,,,,,,,,,,,,,,,,,,,,,,,,,,,,,,,
3,732.902068,60.832004,82.476337,7.402338,30.745144,198,7.801418,22.287372,55.575442,14.027624,325,0.003906,0.089844,0.152344,1230.52759,1373.391792,318.993707,42.092724,46.979688,10.911835,81.129163,18.843634,2923.373602,4.305388,0.003906,0.042969,0.152344,1449.030876,1526.839353,356.997115,43.468282,45.802394,10.709262,81.0207,18.943811,3333.536134,4.276895,0.265766,21.744387,83.249042,1.294061,1.356837,3.132854,1.388786,0.824169,14.585095,691,42.769996,99.238363,3.495653,1.356837,1.589269,1.578865,1.6938,1.765292,1.642335,1.548215,1.377302,1.265992,1.381867,1.1894,1.169608,1.265236,1.038654,1.245641,1.412127,1.18887,1.115768,1.242781,1.254664,,,,,,,,,,,,,,,,,,,,,,,,,,,,,,,,,,,,,,,,,,,,,,,,,,,,
4,915.413244,106.851822,66.500855,8.286018,80.10085,1059,49.416706,8.528781,106.770287,28.210526,540,0.007812,0.09375,0.265625,3768.726649,4151.704865,2844.930916,34.99851,38.55506,26.419624,59.314118,40.644644,10768.248918,1.459334,0.003906,0.042969,0.152344,3266.259992,4490.224942,2751.153665,31.078923,42.725122,26.177614,61.991373,37.982015,10509.566168,1.632124,0.233262,56.653093,140.044398,1.493667,1.678227,4.581248,1.083198,0.828842,8.969971,226,26.445884,97.518958,2.995331,1.678227,1.850235,1.71828,1.565473,1.605116,1.503216,1.417527,1.60326,1.266847,1.212997,1.616584,1.464651,1.338075,1.470476,1.528971,1.449846,1.379226,1.414231,1.589544,1.414436,,,,,,,,,,,,,,,,,,,,,,,,,,,,,,,,,,,,,,,,,,,,,,,,,,,,
6,694.228528,68.276189,87.311094,8.34014,48.20592,444,18.331957,28.735731,65.788186,21.069565,505,0.003906,0.042969,0.1875,1928.831205,1358.43165,1138.998988,43.556701,30.675987,25.720778,54.348324,45.569231,4428.322543,1.192654,0.003906,0.042969,0.152344,1984.32336,1374.999299,1184.995009,43.643833,30.242168,26.063153,53.66257,46.247207,4546.629456,1.160342,0.198585,34.093774,90.353335,1.345163,1.380131,4.198802,1.091133,0.837626,9.402397,265.5,29.164397,98.139751,3.05136,1.380131,1.755898,1.728428,1.718448,1.765572,1.746887,1.665329,1.687687,1.79424,1.531377,1.860524,1.601856,1.499555,1.648181,1.457861,1.855615,1.578294,1.679857,1.541788,1.622211,,,,,,,,,,,,,,,,,,,,,,,,,,,,,,,,,,,,,,,,,,,,,,,,,,,,
7,897.792359,112.616953,68.062398,9.575611,92.984487,1011,56.417411,22.489004,109.699291,29.883333,570,0.007812,0.101562,0.257812,4570.285638,2665.164745,3560.74119,42.32356,24.681009,32.974579,42.792186,57.171662,10798.443199,0.748486,0.003906,0.042969,0.246094,4347.393424,2964.895301,3705.240534,39.445651,26.901689,33.619139,44.425692,55.518951,11021.223691,0.80019,0.235274,65.768363,145.052915,1.517718,1.689293,4.600461,0.820735,0.964003,9.17947,117,26.068522,96.61581,2.996528,1.689293,1.757048,1.635133,1.416053,1.404657,1.19394,1.161881,1.126974,1.025365,1.144059,1.061541,0.862763,0.955627,0.925004,1.061295,1.041013,1.045971,1.125767,1.049155,1.003306,,,,,,,,,,,,,,,,,,,,,,,,,,,,,,,,,,,,,,,,,,,,,,,,,,,,
8,926.635075,116.593503,65.850981,8.864847,86.501443,973,51.700319,38.569449,110.648553,30.868852,410,0.003906,0.085938,0.261719,7441.021706,2385.866971,2904.997667,58.428948,18.734483,22.81084,45.066176,54.871934,12735.162867,0.821297,0.003906,0.042969,0.269531,7601.100783,2278.52646,2906.163629,59.435982,17.81669,22.724431,43.9224,56.021153,12788.719124,0.784032,0.150348,61.182086,153.098653,1.470959,1.604221,3.944935,0.850755,1.019943,10.817053,139,30.298519,97.207921,3.191495,1.604221,1.453464,1.257487,1.097686,1.19622,1.15435,1.145746,1.071245,0.969122,1.055393,1.222873,1.100048,1.133898,0.881942,0.831215,0.932022,1.10506,0.862099,1.000167,1.131482,,,,,,,,,,,,,,,,,,,,,,,,,,,,,,,,,,,,,,,,,,,,,,,,,,,,
9,904.623556,84.382332,66.948957,6.729085,50.384658,981,36.824324,21.67145,80.519929,23.173913,305,0.003906,0.070312,0.246094,3706.232729,1285.606416,1212.736645,59.728383,20.718395,19.54405,51.446642,48.530582,6205.144937,1.060087,0.003906,0.042969,0.246094,3888.416779,1301.68685,1241.764326,60.449168,20.235971,19.304417,51.164463,48.809131,6432.539754,1.048256,0.155575,35.634024,113.871562,1.301926,1.33845,4.102919,1.008241,1.050551,14.014433,931.5,39.234849,98.559354,3.449397,1.33845,1.408163,1.434131,1.320219,1.29422,1.443824,1.224819,1.203963,1.154508,1.440943,1.169962,1.073695,1.364596,1.293843,1.477459,1.135548,1.203676,1.080293,1.063708,1.22329,,,,,,,,,,,,,,,,,,,,,,,,,,,,,,,,,,,,,,,,,,,,,,,,,,,,
10,1160.184025,96.740721,52.110427,4.76723,75.03038,585,45.990566,27.14203,93.423087,24.480769,480,0.003906,0.089844,0.347656,4725.993212,2021.80068,1273.490609,58.904351,25.199541,15.872672,61.319243,38.623728,8023.164851,1.587605,0.003906,0.042969,0.152344,4738.045599,2034.590454,1291.582829,58.732961,25.220847,16.010501,61.116202,38.79731,8067.098099,1.575269,0.298666,53.075461,126.099316,1.475783,1.648012,5.037871,1.069235,1.009096,11.08735,107,36.338958,98.092906,3.250418,1.648012,1.568099,1.522805,1.523428,1.389141,1.330432,1.36267,1.201572,1.201212,1.4813,1.241528,1.715163,1.456441,1.43756,1.505226,1.377928,1.66105,1.215379,1.733462,1.542882,,,,,,,,,,,,,,,,,,,,,,,,,,,,,,,,,,,,,,,,,,,,,,,,,,,,
11,774.098522,65.352996,78.136802,7.177803,34.772483,253,13.239142,31.428149,57.049837,14.707692,345,0.003906,0.066406,0.175781,1670.644336,1033.811879,455.065254,52.867796,32.715135,14.40061,69.411426,30.553652,3160.041602,2.271788,0.003906,0.042969,0.152344,2069.495806,1310.887743,475.296456,53.660767,33.990522,12.324148,73.351498,26.595494,3856.627327,2.758042,0.265427,24.594395,89.041664,1.303661,1.361538,1.893211,1.413587,0.900756,16.176102,432,46.58129,99.312736,3.64391,1.361538,1.515428,1.456801,1.532397,1.527413,1.396387,1.499599,1.373999,1.51907,1.36599,1.139325,1.531653,1.697903,1.219047,1.137197,1.166906,1.322724,1.716635,1.587851,1.76887,,,,,,,,,,,,,,,,,,,,,,,,,,,,,,,,,,,,,,,,,,,,,,,,,,,,
12,892.558302,85.037262,67.878893,6.773403,56.041965,323,34.545455,32.99795,74.807777,24,420,0,0.046875,0.253906,2500.952733,2562.3728,1270.210463,39.483559,40.453223,20.05333,66.846666,33.136995,6334.162293,2.017282,0.003906,0.042969,0.152344,2850.014815,2645.447975,1281.995491,42.0454,39.027487,18.912889,67.341483,32.633973,6778.422476,2.063539,0.232972,39.649059,113.339825,1.440282,1.592187,4.550893,1.226477,0.861978,9.63469,426,28.865545,97.904455,3.06957,1.592187,1.697235,1.698307,1.781438,1.913329,1.871905,1.930701,1.698732,1.656617,1.661007,1.65569,1.40271,1.09152,1.369079,1.498418,1.151767,1.496546,1.476742,1.398255,1.363822,,,,,,,,,,,,,,,,,,,,,,,,,,,,,,,,,,,,,,,,,,,,,,,,,,,,
13,750.86185,68.88214,80.592482,7.521407,38.063027,270,15.725102,33.427295,62.184733,21.209877,370,0,0.113281,0.164062,1837.091155,1350.422991,852.041588,45.473506,33.427012,21.09058,61.304165,38.679509,4039.915383,1.584926,0.003906,0.042969,0.1875,2245.204916,1452.708835,879.207,49.043329,31.732372,19.205035,62.273244,37.688951,4578.002649,1.652294,0.186165,26.922509,93.597527,1.323272,1.393422,4.075083,1.252791,0.839688,10.981186,462,31.604725,98.538584,3.182491,1.393422,1.782645,1.733709,1.421579,1.724525,1.520319,1.514716,1.354596,1.171319,1.26755,1.315243,0.92379,1.764913,1.060265,1.303993,1.380635,1.335147,1.183118,1.816693,1.211524,,,,,,,,,,,,,,,,,,,,,,,,,,,,,,,,,,,,,,,,,,,,,,,,,,,,
14,654.031193,33.392662,91.97827,4.679654,15.037062,6,0.519481,7.264961,31.706764,9.553719,185,0.007812,0.085938,0.292969,332.995553,401.094986,112.64337,39.323587,47.365479,13.302104,78.062424,21.923023,846.808682,3.560751,0.003906,0.042969,0.152344,462.280047,516.953221,115.969566,42.206461,47.198156,10.588095,81.666839,18.320551,1095.282656,4.457663,0.213143,10.637498,46.002587,1.141425,1.129113,1.036188,1.439278,0.893462,11.704135,669,37.729271,99.310721,3.299296,1.129113,1.656973,1.834427,1.844336,1.72708,1.764676,1.731433,1.751467,1.748493,1.727003,1.494724,1.343062,1.338395,1.48635,1.592614,1.576379,1.55965,1.845347,1.646794,1.274438,,,,,,,,,,,,,,,,,,,,,,,,,,,,,,,,,,,,,,,,,,,,,,,,,,,,
15,663.070894,54.550872,91.078207,7.228375,34.848494,266,15.079365,3.886194,51.131838,14.831933,310,0.011719,0.070312,0.175781,609.970597,1161.33419,1203.905271,20.500123,39.030559,40.461304,49.095119,50.894801,2975.448516,0.964639,0.003906,0.042969,0.210938,677.71778,1211.304004,1123.909947,22.490345,40.197625,37.297417,51.861443,48.119705,3013.372043,1.077759,0.229577,24.648626,73.081624,1.185231,1.169156,3.71137,1.197683,0.55332,8.593693,387,26.311475,98.075851,2.934139,1.169156,1.651243,1.907087,1.740199,1.537746,1.421224,1.354325,1.230246,1.187978,1.535889,1.142588,1.303647,1.208449,0.994611,0.934073,1.207728,0.853493,1.127368,0.948144,0.945256,,,,,,,,,,,,,,,,,,,,,,,,,,,,,,,,,,,,,,,,,,,,,,,,,,,,
16,876.090971,65.035212,68.916543,5.786561,24.124564,58,3.866667,4.373375,52.779142,13.166667,290,0.003906,0.089844,0.246094,2315.901357,532.289809,182.395165,76.408471,17.561823,6.017759,74.441224,25.508133,3030.948448,2.918333,0.003906,0.042969,0.152344,2618.463534,646.59329,204.440272,75.466236,18.635341,5.892134,75.957939,24.016429,3469.715294,3.162749,0.23781,17.064332,90.4052,1.424007,1.541021,0.936276,1.2931,1.096483,13.012708,796,45.105852,98.937188,3.411648,1.541021,1.662837,1.650148,1.607463,1.509566,1.348634,1.347962,1.178562,1.471214,1.567856,1.32575,1.069009,1.29671,1.320059,1.379979,1.458596,1.350895,1.371383,1.301569,1.148345,,,,,,,,,,,,,,,,,,,,,,,,,,,,,,,,,,,,,,,,,,,,,,,,,,,,
17,776.264506,73.755855,77.98922,7.383083,41.300685,215,20.692974,1.148776,69.862788,18.245614,360,0.015625,0.085938,0.152344,2324.821745,2386.194928,703.484494,42.93206,44.065428,12.99112,77.215733,22.764306,5415.118023,3.391965,0.003906,0.042969,0.152344,1797.211277,2715.977953,856.886766,33.463371,50.570448,15.954897,76.003923,23.979118,5370.682032,3.169588,0.249098,29.218058,100.181543,1.266354,1.276892,3.960375,1.38058,0.9111,10.133374,802,30.910485,98.76139,3.126223,1.276892,1.668622,1.87472,1.717584,1.773209,1.776724,1.618018,1.750247,1.585273,1.437682,1.712002,1.616396,1.66877,1.444528,1.714231,1.954816,1.247947,1.336934,1.197157,1.568199,,,,,,,,,,,,,,,,,,,,,,,,,,,,,,,,,,,,,,,,,,,,,,,,,,,,
18,811.169764,88.367895,75.25752,8.371232,48.731545,463,26.747545,76.581188,82.810626,25.470588,440,0.007812,0.058594,0.320312,4874.074482,1640.204397,857.606461,66.101099,22.244082,11.630665,65.618888,34.309859,7373.666368,1.912537,0.003906,0.042969,0.3125,4702.956309,1710.228076,946.912656,63.889619,23.233433,12.8638,64.340037,35.62355,7361.064938,1.80611,0.239554,34.468373,120.139942,1.383204,1.421514,4.013749,1.014629,1.132976,12.363273,750,35.787476,98.69175,3.356849,1.421514,1.49796,1.380261,1.431723,1.540273,1.378842,1.437064,1.617936,1.607259,1.553201,1.469056,1.361754,1.879324,1.737007,2.329846,2.472467,2.246983,2.625204,1.847464,1.928202,,,,,,,,,,,,,,,,,,,,,,,,,,,,,,,,,,,,,,,,,,,,,,,,,,,,
19,723.186087,52.2783,83.395834,5.969447,27.088862,80,7.098492,10.384761,50.725287,14.842105,305,0.023438,0.078125,0.152344,879.304568,911.297572,201.46857,44.12415,45.729583,10.109841,81.841409,18.0934,1992.79661,4.523274,0.003906,0.042969,0.152344,1219.754535,1191.852616,229.210684,46.174117,45.117883,8.676829,83.821909,16.120179,2641.641276,5.199813,0.19628,19.163306,71.414021,1.251892,1.225808,2.881622,1.505861,1.036726,12.373518,697,38.163247,99.134991,3.365878,1.225808,1.478491,1.75741,1.710472,1.98073,1.71761,1.614071,1.593243,1.574366,1.623325,1.682149,1.484356,1.30229,1.542439,1.534627,1.489368,1.487027,2.527565,1.675193,1.372455,,,,,,,,,,,,,,,,,,,,,,,,,,,,,,,,,,,,,,,,,,,,,,,,,,,,
20,784.095506,83.565535,77.462008,8.087919,45.164602,274,19.912791,34.676528,82.912498,22.95,445,0.007812,0.058594,0.179688,3804.719223,2199.681173,879.856629,55.251209,31.943236,12.777064,71.383462,28.552871,6886.218932,2.500045,0.003906,0.042969,0.152344,3828.111363,2201.078801,828.867483,55.808214,32.08848,12.083665,72.611866,27.343689,6859.404918,2.655526,0.189002,31.947808,113.786891,1.322942,1.335239,3.533575,1.301633,0.950314,13.254645,990,37.664714,99.12192,3.444967,1.335239,1.529522,1.605728,1.75914,1.624055,1.70344,1.662862,1.745351,1.767064,1.50414,1.660947,1.858191,1.890077,2.002655,2.271577,1.553906,1.820899,2.795829,1.952825,1.499206,,,,,,,,,,,,,,,,,,,,,,,,,,,,,,,,,,,,,,,,,,,,,,,,,,,,
21,727.458372,76.05656,83.411843,9.011046,53.805454,262,21.37031,16.552438,65.242232,18.590909,405,0.007812,0.097656,0.269531,2956.695683,1336.326213,985.872498,55.967497,25.295411,18.661649,57.447133,42.38153,5282.880006,1.355476,0.003906,0.042969,0.257812,2677.305715,1376.93023,1070.202011,52.217635,26.855372,20.873006,56.203522,43.683493,5127.205966,1.286608,0.238794,38.061736,100.643113,1.27184,1.343029,4.076634,1.033783,0.877045,10.54447,302,32.741088,98.6683,3.186421,1.343029,1.61816,1.781769,1.782377,1.553271,1.8395,1.641392,1.598634,1.653872,1.744426,1.440987,2.075521,2.383953,1.71752,1.743944,1.65334,1.403081,1.777906,1.642153,3.392749,,,,,,,,,,,,,,,,,,,,,,,,,,,,,,,,,,,,,,,,,,,,,,,,,,,,
22,699.917554,78.861252,86.789176,9.528094,42.027397,498,21.35506,30.796604,74.21374,21.601852,440,0,0.097656,0.257812,3027.019261,2013.120496,837.132614,51.480301,34.236997,14.237055,70.563086,29.342834,5879.956426,2.404781,0.003906,0.042969,0.152344,2918.496168,2409.199348,912.891973,46.753355,38.594587,14.624231,72.482664,27.465076,6242.324527,2.639085,0.243942,29.724231,107.488477,1.243837,1.207164,3.884442,1.272147,0.918321,11.883415,462.5,34.602543,98.876662,3.283279,1.207164,1.646679,1.772746,1.726117,1.788381,1.75441,1.478787,1.600804,1.731777,1.472883,1.574877,1.411464,1.594996,1.462224,1.557274,2.028199,1.522468,1.733095,1.479423,1.401885,,,,,,,,,,,,,,,,,,,,,,,,,,,,,,,,,,,,,,,,,,,,,,,,,,,,
23,859.572431,80.831479,70.46452,7.009508,49.057924,321,27.412468,16.209584,81.499489,20.206897,395,0.003906,0.09375,0.15625,1579.846457,3389.920932,788.107147,27.433404,58.864625,13.685166,81.118074,18.858768,5758.842313,4.301345,0.003906,0.078125,0.152344,1652.995734,3659.910464,775.939394,27.143097,60.097738,12.741351,82.487363,17.488186,6089.930447,4.716748,0.215474,34.704521,108.766337,1.355403,1.473387,4.352507,1.386313,0.70391,11.016751,383,34.467829,98.697792,3.234059,1.473387,1.644868,1.683173,1.61366,1.615166,1.625124,1.670949,1.321726,1.334336,1.271374,1.159895,1.268664,1.305114,1.386504,1.312726,1.337968,1.324693,1.440718,1.094098,1.468116,,,,,,,,,,,,,,,,,,,,,,,,,,,,,,,,,,,,,,,,,,,,,,,,,,,,
24,907.865836,102.041068,66.97315,7.950378,87.934471,486,54.120267,4.789927,102.662527,29,600,0.007812,0.097656,0.1875,1694.316308,3353.301057,4516.98303,17.705262,35.041316,47.201556,42.580263,57.356712,9569.563776,0.742376,0.003906,0.042969,0.191406,1794.434709,3290.402397,4507.622489,18.701859,34.293051,46.979095,42.181838,57.786186,9594.953894,0.729964,0.212939,62.214019,130.127278,1.404624,1.598984,4.464423,0.94723,0.688849,7.785908,196,20.997349,96.602934,2.829379,1.598984,1.869275,1.830688,1.681178,1.36948,1.318756,1.330318,1.258424,1.443743,1.231474,1.209121,1.177737,1.042595,1.13524,1.069369,1.070425,1.360482,1.197584,1.007026,1.010308,,,,,,,,,,,,,,,,,,,,,,,,,,,,,,,,,,,,,,,,,,,,,,,,,,,,
25,811.603848,83.993659,74.743509,7.887523,48.393892,256,27.765727,8.985228,82.455578,22.512195,410,0.019531,0.042969,0.3125,2742.862959,2240.963072,634.562522,48.816738,39.884059,11.293773,77.924026,22.065364,5618.693674,3.531509,0.003906,0.042969,0.152344,3170.585597,2706.775459,925.208728,46.60388,39.786416,13.59948,74.51181,25.469042,6803.265358,2.925584,0.266377,34.238254,113.766306,1.327828,1.418364,4.134419,1.424695,1.04275,11.959327,694,34.302774,98.708142,3.309073,1.418364,1.566371,1.660759,1.772078,1.651123,2.010551,1.603473,1.580643,1.57273,1.547859,1.584898,1.573459,1.762982,1.914413,1.37038,2.142495,1.314296,1.863832,1.902898,1.495499,,,,,,,,,,,,,,,,,,,,,,,,,,,,,,,,,,,,,,,,,,,,,,,,,,,,
26,1082.805232,123.550633,56.179283,6.757228,115.800199,605,68.053993,17.81522,122.536285,28.709677,615,0.015625,0.089844,0.191406,1966.502665,6699.800036,5105.411031,14.276633,48.639948,37.064827,56.740595,43.237717,13774.274586,1.312294,0.039062,0.070312,0.222656,2329.636805,6955.340106,4850.474788,16.47661,49.192401,34.305512,58.896557,41.07294,14139.053934,1.43395,0.183771,81.929198,154.428626,1.500333,1.750361,0.657183,1.037234,0.620127,6.545637,76,16.775901,95.061747,2.604876,1.750361,1.95895,1.67164,1.684709,1.679486,1.641309,1.478572,1.40404,1.389861,1.25718,1.378108,1.027853,1.171972,1.211082,1.536914,1.20099,1.001849,1.127964,1.138824,1.142523,,,,,,,,,,,,,,,,,,,,,,,,,,,,,,,,,,,,,,,,,,,,,,,,,,,,
27,768.471495,58.695429,78.580521,6.285742,35.215733,109,12.151616,20.882762,56.405763,15.754386,285,0.003906,0.089844,0.191406,1389.349535,1010.933163,502.466737,47.850993,34.817844,17.305604,66.766074,33.184915,2903.491536,2.01194,0.003906,0.042969,0.152344,1379.606332,1261.935417,486.032439,44.096304,40.335193,15.535036,72.15121,27.788925,3128.621247,2.596402,0.183408,24.915253,79.122771,1.272863,1.340644,3.450145,1.258588,0.931297,11.869644,308,35.173809,98.856057,3.317844,1.340644,1.587012,1.699082,1.630355,1.662709,1.701239,1.607812,1.953453,1.661246,1.503199,1.421761,1.296832,2.095621,1.438851,1.797798,2.067436,1.402779,1.972796,1.317019,3.386926,,,,,,,,,,,,,,,,,,,,,,,,,,,,,,,,,,,,,,,,,,,,,,,,,,,,
28,708.534476,49.136598,85.127832,5.986989,26.225619,61,4.947283,4.067551,41.31696,12.721649,250,0.011719,0.054688,0.234375,1036.926351,631.145925,407.559165,49.947341,30.401446,19.631574,60.738923,39.22184,2076.039156,1.5486,0.003906,0.042969,0.238281,1134.028342,704.413282,478.203333,48.946448,30.403586,20.640008,59.552342,40.428154,2316.875666,1.473041,0.220959,18.551879,66.948851,1.221367,1.250793,2.460058,1.195885,0.971685,13.258309,954,40.90742,99.091461,3.442827,1.250793,1.665819,1.76776,1.563311,1.437996,1.698972,1.553312,1.6165,1.518414,1.535066,1.536967,1.520359,1.927432,1.483811,1.57843,1.310676,1.364689,1.413449,1.204719,1.516906,,,,,,,,,,,,,,,,,,,,,,,,,,,,,,,,,,,,,,,,,,,,,,,,,,,,
29,725.992974,48.77307,83.02489,5.521938,30.339776,191,10.07384,17.160424,46.707756,14.592308,295,0.003906,0.089844,0.152344,986.560357,823.87541,426.472499,44.084181,36.814649,19.056808,65.839417,34.081246,2237.901045,1.931837,0.003906,0.042969,0.152344,986.644647,919.732481,437.941855,42.069809,39.216723,18.673522,67.696521,32.234525,2345.255804,2.100125,0.284273,21.45915,65.553388,1.417816,1.526906,2.583392,1.163736,0.793686,10.860339,299,31.160973,98.33805,3.142888,1.526906,1.636221,1.580932,1.571684,1.667799,1.611669,1.240097,1.264739,1.1367,1.410441,1.10387,1.260658,1.209917,1.241685,0.98814,1.377928,1.722459,1.10205,1.752154,1.401145,,,,,,,,,,,,,,,,,,,,,,,,,,,,,,,,,,,,,,,,,,,,,,,,,,,,
30,627.834343,34.510721,95.855111,5.26185,20.730565,33,2.975654,6.898983,34.591504,10.090909,200,0.007812,0.082031,0.246094,643.47239,481.325662,208.075729,48.255031,36.095387,15.603934,69.756322,30.155462,1333.482484,2.313223,0.003906,0.042969,0.261719,518.71017,386.857291,214.403272,46.302595,34.532765,19.13868,64.309934,35.641723,1120.261545,1.804344,0.241664,14.665392,46.550354,1.343828,1.419607,0.787327,1.138197,0.956338,13.649445,433,41.561541,98.904373,3.460145,1.419607,1.675338,1.612094,1.48143,1.666687,1.496538,1.615682,1.415357,1.498083,1.372069,1.690379,1.498513,1.456822,1.480577,2.016684,3.102436,1.926259,1.866853,1.694996,1.434668,,,,,,,,,,,,,,,,,,,,,,,,,,,,,,,,,,,,,,,,,,,,,,,,,,,,
31,782.863882,50.861804,76.955686,4.854688,20.352646,26,2.03125,25.562842,44.980254,12.683168,295,0.003906,0.09375,0.226562,2139.295737,445.145139,163.518803,77.840776,16.197126,5.949823,73.094286,26.850322,2748.297018,2.722287,0.003906,0.042969,0.152344,1881.292511,450.673393,185.511539,74.723217,17.900335,7.368349,70.817298,29.150658,2517.681369,2.429355,0.255015,14.397137,70.469881,1.037434,0.928712,1.122812,1.209393,1.067153,26.881522,823,47.050702,99.677975,4.053639,0.928712,1.177838,1.212828,1.177339,1.171013,1.042428,1.000585,1.032407,0.967407,1.00841,1.206066,1.003756,0.862674,1.144736,1.426238,1.052131,1.259328,1.136736,1.327271,1.011911,,,,,,,,,,,,,,,,,,,,,,,,,,,,,,,,,,,,,,,,,,,,,,,,,,,,
32,693.565255,37.306256,86.770445,4.803267,24.807594,61,3.795893,11.210923,37.071321,11.652174,205,0.003906,0.144531,0.230469,490.839105,227.925375,494.287388,40.457664,18.786866,40.741891,31.552114,68.42508,1213.216611,0.461119,0.003906,0.042969,0.246094,557.757467,258.441661,481.356792,42.978526,19.914465,37.0914,34.924501,65.048126,1297.758477,0.536902,0.25059,17.547081,49.689746,1.393865,1.52874,3.021152,0.925826,0.809112,9.351621,354,23.617807,97.005337,3.012795,1.52874,1.908231,1.657717,1.538939,1.418468,1.375688,1.396484,1.207581,1.260609,1.059958,0.919287,1.030269,1.193321,1.056136,1.067604,1.263085,0.959535,1.166589,1.025946,1.124065,,,,,,,,,,,,,,,,,,,,,,,,,,,,,,,,,,,,,,,,,,,,,,,,,,,,
33,693.853218,59.941474,87.154626,7.946448,30.407522,84,7.173356,12.449979,51.151398,16.507042,300,0.003906,0.042969,0.273438,2781.027135,659.095592,316.53134,74.019526,17.542419,8.424765,67.521552,32.427295,3757.15339,2.082244,0.003906,0.042969,0.277344,2536.368863,758.823078,413.747859,68.375055,20.45624,11.153753,64.683875,35.268847,3709.494426,1.834023,0.151512,21.510574,81.912746,1.225607,1.243588,3.906594,1.173838,1.060329,15.286766,689,41.287226,99.364694,3.596088,1.243588,1.586734,1.574842,1.530354,1.316236,1.481767,1.533328,1.306654,1.431208,1.377289,1.201176,1.539435,1.594288,1.625781,1.368358,1.41386,1.468678,1.572054,1.779553,1.425098,,,,,,,,,,,,,,,,,,,,,,,,,,,,,,,,,,,,,,,,,,,,,,,,,,,,
34,776.511953,57.277881,77.70528,5.895896,32.450357,210,12.828345,9.910173,55.83191,14.368421,295,0.003906,0.121094,0.164062,1398.886347,869.567174,410.901153,52.186317,32.439739,15.328921,67.846141,32.059694,2680.561565,2.116244,0.003906,0.042969,0.152344,1645.603157,1023.586518,433.503974,53.025583,32.982601,13.968618,70.213966,29.736649,3103.413583,2.361193,0.13547,22.952933,77.639323,1.411829,1.46992,3.737797,1.228113,1.038361,13.353482,786,36.577635,98.643179,3.413003,1.46992,1.669736,1.613669,1.469781,1.4076,1.303519,1.372059,1.339068,1.319239,1.192718,1.315686,1.213834,1.608344,1.465148,1.210705,1.379211,1.278922,1.720474,0.971996,1.021656,,,,,,,,,,,,,,,,,,,,,,,,,,,,,,,,,,,,,,,,,,,,,,,,,,,,
35,733.567423,68.820871,82.584907,8.152869,37.18701,173,16.153128,19.244503,49.951811,15.764706,355,0.003906,0.097656,0.152344,2078.309737,1103.917022,476.785332,56.780881,30.159788,13.02611,69.78344,30.139693,3660.228056,2.315333,0.003906,0.042969,0.152344,2466.260562,1336.4301,538.50862,56.793861,30.775753,12.400954,71.230047,28.701834,4342.477354,2.481725,0.193641,26.307486,93.669851,1.377844,1.499025,3.861073,1.278668,0.955522,16.501163,987,45.155339,99.14942,3.575363,1.499025,1.598962,1.58468,1.587897,1.533031,1.531817,1.46737,1.498246,1.470368,1.375559,1.120073,1.299879,0.978676,1.223985,1.355286,1.262722,1.596018,1.372441,1.321371,1.045398,,,,,,,,,,,,,,,,,,,,,,,,,,,,,,,,,,,,,,,,,,,,,,,,,,,,
36,643.26083,55.212841,93.941129,7.797692,22.911002,47,3.969595,15.451474,38.364339,13.314607,260,0.003906,0.089844,0.1875,1080.114448,1443.185653,196.207564,39.715929,53.066098,7.214574,88.026732,11.967629,2719.600119,7.355403,0.003906,0.042969,0.152344,1076.942938,1857.748497,196.953767,34.386151,59.31681,6.288617,90.402881,9.584283,3131.908981,9.432409,0.138604,16.207389,76.403415,1.14885,1.153581,1.380997,1.594059,0.717201,16.804588,969,43.363429,99.431274,3.645615,1.153581,1.3293,1.527533,1.711515,1.510002,1.678132,1.491284,1.439093,1.171319,1.28222,0.990182,1.221708,1.439491,1.401969,1.231233,1.058436,1.209396,1.107748,0.999818,0.765568,,,,,,,,,,,,,,,,,,,,,,,,,,,,,,,,,,,,,,,,,,,,,,,,,,,,
37,711.597389,45.941956,84.671287,5.316317,32.269197,195,11.96319,11.324688,44.62571,12.944444,250,0.003906,0.089844,0.269531,407.474771,1253.005178,254.731864,21.27104,65.409506,13.297539,83.081888,16.890277,1915.631613,4.918918,0.039062,0.078125,0.152344,327.907671,1442.293868,278.086873,16.002376,70.386058,13.571048,83.795297,16.156466,2049.118677,5.186487,0.155266,22.824781,60.828724,1.507001,1.696183,2.919684,1.438127,0.542423,9.624643,196,31.557071,97.993005,3.077086,1.696183,1.683167,1.813281,1.832982,1.85134,2.181228,1.704057,1.697174,1.853537,1.829724,1.682149,1.660535,1.415538,1.599529,1.300226,1.335844,1.340845,1.231127,1.186346,1.118932,,,,,,,,,,,,,,,,,,,,,,,,,,,,,,,,,,,,,,,,,,,,,,,,,,,,
38,699.458122,33.039518,85.977715,4.076865,16.681398,9,0.574346,11.877932,33.851583,9.8,185,0.003906,0.089844,0.179688,592.335152,492.502176,80.812384,50.805977,42.243069,6.931468,85.870328,14.090061,1165.876896,6.09439,0.035156,0.042969,0.152344,437.130038,539.43372,85.642189,41.146276,50.77594,8.061348,86.274814,13.69726,1062.380558,6.298691,0.1537,11.799315,45.217601,1.359876,1.451316,0.814203,1.491378,0.836224,11.424716,374,35.208705,98.923587,3.277104,1.451316,1.621328,1.718168,1.851979,1.759378,1.947937,1.663411,2.018795,1.825167,1.605007,1.648532,1.810704,1.517351,1.747715,1.760751,2.346488,2.124085,1.689837,1.832197,2.415497,,,,,,,,,,,,,,,,,,,,,,,,,,,,,,,,,,,,,,,,,,,,,,,,,,,,
39,495.725202,22.30071,121.293489,5.711144,17.717226,5,0.276702,2.570108,21.639855,5.986755,155,0.003906,0.042969,0.15625,278.972357,104.368395,29.66734,67.498652,25.252416,7.17815,77.696519,22.0857,413.300633,3.517956,0.003906,0.042969,0.152344,258.043637,108.642051,27.765663,65.380392,27.526584,7.034973,79.511543,20.320775,394.680467,3.91282,0.155058,12.531451,28.939657,1.404885,1.511176,0.282644,0.863843,1.19004,17.143593,399,44.619741,98.737569,3.708832,1.511176,1.337746,1.267426,1.202726,1.26707,1.219179,1.244226,1.276574,1.147039,1.168459,1.126024,1.09939,1.200384,1.218255,1.658472,1.145596,1.122054,1.434432,1.45432,1.545726,,,,,,,,,,,,,,,,,,,,,,,,,,,,,,,,,,,,,,,,,,,,,,,,,,,,
40,719.626627,69.018134,84.164093,8.205592,38.52941,224,17.73555,11.834782,68.944219,15.228916,355,0.003906,0.128906,0.316406,2281.818156,925.745746,726.380706,57.992759,23.527971,18.461077,56.009322,43.94737,3934.660426,1.274464,0.003906,0.042969,0.152344,2718.708089,1071.398008,765.215305,59.671169,23.515423,16.795217,58.30921,41.645682,4556.150234,1.400126,0.166243,27.255338,93.711972,1.351721,1.441761,3.92337,1.083017,1.119639,14.456943,672,38.997598,99.065245,3.520757,1.441761,1.559191,1.627269,1.606505,1.253861,1.277992,1.30249,1.447658,1.404587,1.333554,1.565177,1.387287,1.703544,1.608831,1.57843,1.689708,1.180996,1.320739,1.374088,0.928162,,,,,,,,,,,,,,,,,,,,,,,,,,,,,,,,,,,,,,,,,,,,,,,,,,,,
41,725.241108,51.758085,83.19438,6.320171,40.702566,326,22.529371,12.79126,53.075275,13.284404,300,0.003906,0.082031,0.273438,1467.157193,453.201662,883.151999,52.32313,16.162501,31.495791,33.900088,66.060946,2804.031787,0.513164,0.003906,0.042969,0.269531,1106.04158,415.62441,866.538721,46.297882,17.397655,36.272513,32.396591,67.543916,2388.967965,0.479637,0.207419,28.791013,67.322972,1.434375,1.566248,4.26689,0.792303,0.977151,11.362813,339,35.097309,97.585615,3.220299,1.566248,1.701265,1.572915,1.394875,1.325139,1.285529,1.213733,1.267261,1.196648,1.087118,0.93807,1.285655,1.149324,1.252156,1.208683,1.254796,1.055431,1.324419,1.026217,1.247892,,,,,,,,,,,,,,,,,,,,,,,,,,,,,,,,,,,,,,,,,,,,,,,,,,,,
44,710.289867,55.396912,85.063032,6.715184,32.020459,137,11.965066,16.813552,54.573596,15.28,295,0.019531,0.078125,0.28125,1184.777308,1471.434191,392.301035,38.857349,48.258886,12.866366,78.928351,21.043193,3049.043033,3.750778,0.039062,0.042969,0.152344,1051.354069,1484.862772,407.579827,35.705719,50.428391,13.842084,78.433712,21.529261,2944.497643,3.643121,0.162575,22.651825,74.92007,1.437127,1.571638,3.17227,1.298769,0.807207,11.160904,760,35.118081,98.830345,3.257329,1.571638,1.681775,1.803262,1.864515,1.793353,1.775806,1.969896,1.700141,1.913946,1.696231,1.692199,2.29223,2.132638,1.4753,2.288106,1.912852,2.104667,1.689837,1.448472,1.478587,,,,,,,,,,,,,,,,,,,,,,,,,,,,,,,,,,,,,,,,,,,,,,,,,,,,
46,688.501567,51.295269,87.64831,6.727711,25.428837,52,3.812317,6.740537,50.932851,15,330,0.007812,0.0625,0.171875,1521.176847,1046.502173,180.134831,55.348585,38.077371,6.554273,85.276964,14.678757,2748.357236,5.809549,0.003906,0.042969,0.152344,1274.38952,1069.159258,190.208412,50.286306,42.188098,7.505459,84.862128,15.097368,2534.267497,5.620988,0.155379,17.987524,70.264342,1.401435,1.493078,2.229699,1.551202,0.677113,10.929834,990,34.778394,98.875135,3.228321,1.493078,1.54968,1.691416,1.906391,1.847895,1.855361,1.997765,1.852258,2.061177,1.889238,1.761192,1.653106,1.689202,1.443039,1.435329,1.791491,1.104035,1.596746,1.665143,1.542882,,,,,,,,,,,,,,,,,,,,,,,,,,,,,,,,,,,,,,,,,,,,,,,,,,,,
47,680.810965,42.609319,88.465772,5.380639,28.37934,128,7.619048,4.098335,37.733817,10.50625,235,0.003906,0.09375,0.179688,447.199124,742.764365,328.250065,29.446309,48.908121,21.61398,69.320428,30.634796,1518.693325,2.2628,0.039062,0.066406,0.152344,388.338858,1021.21584,375.560407,21.74882,57.192936,21.033166,73.088912,26.87904,1785.562887,2.719179,0.14625,20.073249,56.806137,1.545893,1.747127,1.069353,1.178871,0.579423,9.397199,226,32.121383,97.857084,3.048544,1.747127,1.819255,1.705215,1.778938,1.657931,1.67886,1.437442,1.55165,1.693452,1.360977,1.539586,1.084942,1.40027,1.077215,1.487458,1.211265,1.36273,1.308636,1.436301,1.481188,,,,,,,,,,,,,,,,,,,,,,,,,,,,,,,,,,,,,,,,,,,,,,,,,,,,
48,782.887923,86.470105,77.607953,8.743828,60.572899,305,33.888889,8.083843,85.710784,22.525,470,0.003906,0.097656,0.265625,1382.724313,3180.041039,2111.311389,20.714363,47.639666,31.629205,60.086123,39.892729,6675.19595,1.506192,0.039062,0.054688,0.152344,1618.837785,3702.667501,1960.780572,22.225295,50.834543,26.919885,65.36128,34.612648,7283.76279,1.888364,0.269315,42.8556,114.480469,1.294236,1.387307,4.135375,1.189355,0.730689,7.973367,218,24.878089,97.704424,2.841326,1.387307,1.841181,2.040691,1.931721,1.643533,1.499343,1.569817,1.76409,1.486479,1.375817,1.727381,1.260643,1.394405,1.398745,2.007031,1.583789,1.408083,1.057374,1.383159,1.501583,,,,,,,,,,,,,,,,,,,,,,,,,,,,,,,,,,,,,,,,,,,,,,,,,,,,
49,685.6692,54.344305,88.069541,7.123637,33.017849,47,9.832636,,,14.088235,265,0.015625,0.082031,0.183594,969.060076,1055.314724,735.473541,35.10962,38.234677,26.646642,58.92195,41.064086,2760.09844,1.434878,0.003906,0.042969,0.183594,897.015326,1152.19621,661.78896,33.07641,42.485912,24.402708,63.48421,36.463537,2711.948859,1.741033,0.155479,23.371614,73.086784,1.236497,1.491764,3.954536,1.298592,0.809825,9.877897,165,30.564056,98.492209,3.098215,1.491764,1.916596,1.752393,2.326386,1.704772,1.902085,1.674672,3.100711,2.296539,1.299777,1.743564,2.08673,2.2934,1.066922,1.13617,2.699853,2.322415,1.710115,1.093536,1.206243,,,,,,,,,,,,,,,,,,,,,,,,,,,,,,,,,,,,,,,,,,,,,,,,,,,,
50,780.473111,63.93024,77.411959,6.463607,44.938779,271,26.725838,2.900855,59.166975,15.378788,345,0.019531,0.078125,0.261719,1622.257187,1650.931616,586.477322,42.016126,42.758787,15.189641,73.742549,26.19632,3861.034703,2.814997,0.039062,0.042969,0.28125,1318.148816,1843.435955,625.000109,34.799658,48.66745,16.500254,74.642937,25.307005,3787.821139,2.949497,0.198402,31.792247,84.661447,1.527804,1.763687,4.473254,1.175457,0.885812,10.029381,616,31.464003,98.099041,3.114593,1.763687,1.719988,1.651808,1.771923,1.642847,1.613809,1.489842,1.679421,1.780139,1.703737,1.941011,1.775518,1.570757,1.415786,1.457069,1.900875,1.928211,2.024039,1.282151,2.644339,,,,,,,,,,,,,,,,,,,,,,,,,,,,,,,,,,,,,,,,,,,,,,,,,,,,
51,657.05761,40.048488,91.714629,5.663875,33.841144,160,15.281757,36.197158,34.194938,11.391304,225,0.003906,0.066406,0.359375,637.985095,198.155002,210.433497,60.924395,18.922815,20.09535,48.426159,51.426842,1047.175097,0.941651,0.003906,0.042969,0.332031,869.571651,238.870295,198.675549,66.451723,18.254209,15.18257,54.411763,45.255886,1308.576534,1.202314,0.170338,23.940843,51.246732,1.504367,1.769185,1.232756,0.755224,1.018963,8.848223,86,28.939568,96.735512,2.97502,1.769185,1.623001,1.465615,1.516433,1.450942,1.440904,1.469288,1.726775,1.629325,1.308096,1.594807,1.361754,1.308155,1.593083,1.453266,1.671689,1.415434,1.161311,1.788522,1.345056,,,,,,,,,,,,,,,,,,,,,,,,,,,,,,,,,,,,,,,,,,,,,,,,,,,,
52,734.087455,63.484535,82.359722,7.311617,36.580953,404,15.886748,32.248533,55.815207,17.306122,365,0.003906,0.042969,0.25,2029.49331,858.552776,673.474634,56.975308,24.10272,18.906899,56.020668,43.944298,3562.057648,1.274811,0.003906,0.042969,0.253906,2242.20625,875.084231,709.893716,58.577026,22.861336,18.545779,55.189992,44.771723,3827.791237,1.232698,0.241953,25.871744,85.973048,1.331299,1.390326,3.92825,1.066264,0.928958,15.030433,548.5,37.460047,98.779849,3.476114,1.390326,1.582613,1.597213,1.504812,1.412538,1.467568,1.497433,1.321968,1.514706,1.625736,1.330995,1.181769,1.408994,1.359181,1.266852,1.216171,1.337561,1.517856,1.411716,1.715212,,,,,,,,,,,,,,,,,,,,,,,,,,,,,,,,,,,,,,,,,,,,,,,,,,,,
54,639.376056,61.050803,94.680216,8.71924,32.297232,145,10.902256,2.804727,60.282528,15.298851,310,0.003906,0.117188,0.160156,847.774878,2739.540473,234.2372,22.178562,71.668871,6.127858,92.093995,7.874255,3822.497029,11.695582,0.003906,0.113281,0.152344,794.335213,2726.700426,251.091231,21.050955,72.261241,6.654256,91.528962,8.428546,3773.392745,10.859401,0.14159,22.846194,83.269872,1.224424,1.226086,3.035584,1.565447,0.567553,12.08911,669,33.529821,98.712989,3.295201,1.226086,1.301545,1.76122,2.130234,1.786879,1.886124,1.55353,2.058428,1.754802,1.481503,1.528657,1.529328,1.209917,1.550583,1.4966,1.353236,1.620024,1.798827,1.984777,1.090164,,,,,,,,,,,,,,,,,,,,,,,,,,,,,,,,,,,,,,,,,,,,,,,,,,,,
55,738.543809,45.054684,81.561159,5.153004,33.528856,98,13.900709,,,13.074074,215,0.003906,0.09375,0.285156,1006.90369,482.030138,324.976233,55.465222,26.552598,17.901294,59.622162,40.196212,1815.378468,1.483278,0.003906,0.042969,0.324219,959.901172,457.696452,339.251078,54.586584,26.027769,19.29215,57.31295,42.481169,1758.49285,1.349138,0.147591,23.725783,59.007794,1.481524,1.737585,3.784068,0.984635,0.946475,9.877975,186,30.145181,97.506282,3.09749,1.737585,1.646957,1.639155,1.991246,1.777422,1.748468,1.788846,1.665454,2.146079,1.747294,1.418832,1.430938,1.396988,0.994853,2.38379,1.93394,1.846484,2.026105,2.341554,   NaN,,,,,,,,,,,,,,,,,,,,,,,,,,,,,,,,,,,,,,,,,,,,,,,,,,,,
56,685.880257,37.974345,87.791129,4.947371,30.849522,147,9.709379,5.500974,37.090772,10.236486,225,0.007812,0.074219,0.390625,765.712806,198.010748,278.326286,61.467525,15.895295,22.342617,41.251683,57.983862,1245.719272,0.711434,0.003906,0.042969,0.378906,733.708752,259.754212,279.177666,57.487455,20.352229,21.874093,47.873467,51.453267,1276.293668,0.930426,0.151569,21.821135,49.072758,1.571248,1.845522,0.88885,0.819502,0.878955,11.634527,192,32.279008,97.368504,3.199304,1.845522,1.620693,1.429741,1.475278,1.355416,1.425191,1.42446,1.650654,1.31492,1.166276,1.234237,1.340701,1.404705,1.381047,1.202945,1.261669,1.350895,1.38665,1.203588,1.484818,,,,,,,,,,,,,,,,,,,,,,,,,,,,,,,,,,,,,,,,,,,,,,,,,,,,
57,994.025036,73.896435,60.778479,4.813866,49.297258,298,30.346232,24.408925,66.223936,18.54717,405,0.003906,0.042969,0.332031,2315.419159,1089.347334,738.651634,55.865879,26.283511,17.82201,59.553721,40.381476,4144.603492,1.474778,0.003906,0.042969,0.320312,3125.508599,1060.795419,673.803227,64.292095,21.820692,13.860215,61.108854,38.815536,4861.419753,1.57434,0.208036,34.876328,98.443737,1.460396,1.633483,4.156924,1.134837,0.974119,14.44305,458,39.635871,98.538892,3.508344,1.633483,1.470874,1.353848,1.434776,1.459626,1.409333,1.277901,1.232588,1.358211,1.418213,1.251884,1.239122,1.471561,1.378603,1.39562,1.620944,1.499293,2.020292,1.485651,1.130613,,,,,,,,,,,,,,,,,,,,,,,,,,,,,,,,,,,,,,,,,,,,,,,,,,,,
58,775.960921,62.387938,77.894472,6.531484,35.442428,239,12.076806,16.357805,58.134008,13.846154,340,0.003906,0.0625,0.335938,1861.438619,1147.166906,462.966268,53.605005,33.035678,13.332327,71.205263,28.736564,3472.509013,2.477863,0.003906,0.042969,0.328125,1944.126817,1221.223425,484.785879,53.244372,33.446004,13.276973,71.533644,28.396524,3651.328298,2.519099,0.147047,25.067959,84.55011,1.33848,1.432953,2.192008,1.13869,0.959213,15.650963,644,43.10174,99.046526,3.608985,1.432953,1.276012,1.274998,1.309142,1.418658,1.489821,1.489842,1.54195,1.515187,1.211839,1.452491,1.420023,1.592071,1.790381,1.544528,1.791491,1.388636,1.456541,1.387511,1.61699,,,,,,,,,,,,,,,,,,,,,,,,,,,,,,,,,,,,,,,,,,,,,,,,,,,,
59,779.050486,47.602948,77.313412,4.875294,34.020967,168,15.483871,19.559692,43.701653,12.482759,245,0.003906,0.054688,0.261719,1041.598821,433.645865,514.741613,52.315539,21.780379,25.853509,45.676052,54.217892,1990.993197,0.842453,0.003906,0.042969,0.265625,1081.84481,490.989287,534.034064,51.333951,23.29763,25.340121,47.872449,52.069402,2107.464551,0.919397,0.220421,24.067564,62.843964,1.539435,1.754654,4.31415,0.896845,1.026839,10.395827,592,33.194003,97.806081,3.1286,1.754654,1.741048,1.728568,1.614635,1.377548,1.490773,1.574205,1.341527,1.516082,1.379534,1.551212,1.368312,1.279406,1.543619,1.587479,1.677732,1.11728,1.642258,1.812779,1.750521,,,,,,,,,,,,,,,,,,,,,,,,,,,,,,,,,,,,,,,,,,,,,,,,,,,,
60,746.333888,47.828691,80.753456,5.527666,26.06402,63,5.742935,16.804135,35.852192,11.319588,210,0.003906,0.042969,0.175781,934.282105,409.07368,228.022198,59.438426,26.025004,14.506625,64.161721,35.764454,1571.848668,1.794008,0.003906,0.042969,0.152344,1308.205609,463.189953,243.156506,64.91868,22.985439,12.066451,65.52045,34.395659,2015.145129,1.904905,0.209094,18.438555,65.07226,1.363813,1.454038,1.144659,1.159874,0.967612,19.78967,990,48.940362,99.328387,3.803942,1.454038,1.443863,1.434155,1.372567,1.410771,1.239728,1.47926,1.40289,1.196179,1.349729,1.103412,1.002976,1.138906,1.423475,1.355286,1.167683,1.094962,1.07862,1.113074,1.145927,,,,,,,,,,,,,,,,,,,,,,,,,,,,,,,,,,,,,,,,,,,,,,,,,,,,
61,702.046816,75.034706,86.498826,9.751742,39.757438,359,16.370269,27.402266,66.703688,20.12844,425,0.003906,0.085938,0.1875,1991.69271,1572.0234,804.377335,45.58208,35.977486,18.409061,66.113307,33.829042,4369.464253,1.954336,0.003906,0.042969,0.152344,2542.40674,1742.171398,866.713651,49.345582,33.813811,16.822049,66.753924,33.20944,5152.247938,2.010089,0.181899,28.119244,102.224608,1.313625,1.384894,4.059841,1.257485,0.831353,12.353751,486.5,36.005991,98.809142,3.319099,1.384894,1.615896,1.666848,1.732043,1.788049,1.516714,1.499126,1.530226,1.477175,1.45837,1.427225,1.454576,1.624678,1.407062,1.551377,1.342429,1.311614,2.054404,1.429682,1.493433,,,,,,,,,,,,,,,,,,,,,,,,,,,,,,,,,,,,,,,,,,,,,,,,,,,,
62,707.23913,33.764892,85.074892,3.994899,26.41845,100,5.844535,19.851178,33.629102,10.011696,190,0.007812,0.074219,0.289062,397.80726,371.908174,214.598834,40.401575,37.771246,21.794803,63.37625,36.569428,984.633046,1.733039,0.035156,0.042969,0.289062,404.364394,460.442371,227.668081,36.996046,42.126724,20.829774,66.86362,33.061058,1092.993535,2.022428,0.138862,18.686127,43.9578,1.557041,1.811059,1.208779,1.095229,0.924262,8.574239,206,29.129776,97.216144,2.937754,1.811059,1.819164,1.846459,1.585474,1.751831,1.903538,1.637914,1.920146,1.778856,1.634254,1.700167,1.69446,1.929216,1.418142,1.849304,1.562956,1.268657,1.34891,2.112157,1.632738,,,,,,,,,,,,,,,,,,,,,,,,,,,,,,,,,,,,,,,,,,,,,,,,,,,,
63,834.371399,55.516125,72.297158,5.198311,29.842171,196,10.061602,30.736387,50.702051,14.654135,280,0.003906,0.046875,0.386719,1491.584598,1038.388976,184.143003,54.925542,38.237239,6.780812,84.831278,15.043579,2715.648411,5.639036,0.003906,0.042969,0.152344,1533.032846,1030.216496,189.923427,55.652332,37.399036,6.894622,84.33146,15.546752,2754.660571,5.424378,0.169737,21.107034,75.634194,1.345214,1.367773,2.907298,1.445582,1.03719,16.967208,990,45.162874,99.392608,3.716738,1.367773,1.320721,1.471264,1.649851,1.851277,1.665488,1.875965,1.540725,1.733829,1.49676,1.403226,1.396845,1.403123,1.346588,1.638149,1.433278,1.177623,1.754375,1.18417,1.499206,,,,,,,,,,,,,,,,,,,,,,,,,,,,,,,,,,,,,,,,,,,,,,,,,,,,
64,600.669755,53.259806,100.663924,8.703465,32.259543,121,11.162362,9.697592,49.493791,12.329545,280,0.019531,0.089844,0.160156,579.09784,1695.309311,311.091116,22.391043,65.549792,12.028459,84.461632,15.498802,2586.292428,5.449559,0.039062,0.082031,0.152344,633.612026,1892.339207,311.657309,22.321589,66.66543,10.97941,85.822341,14.134443,2838.561453,6.071859,0.209396,22.821481,71.781422,1.439241,1.575615,2.661039,1.44621,0.636317,11.866194,540,37.878138,98.886541,3.315804,1.575615,1.526162,1.56372,1.716782,1.832863,1.895114,1.63057,1.767197,1.68311,1.52014,1.407589,1.577176,1.200384,1.263991,1.231672,1.311851,1.329842,1.36021,1.387511,1.681528,,,,,,,,,,,,,,,,,,,,,,,,,,,,,,,,,,,,,,,,,,,,,,,,,,,,
65,1275.873275,133.245647,47.78097,6.57286,59.744413,253,41.818182,19.644864,71.254324,18.9375,540,0.003906,0.058594,0.242188,12264.91946,1131.008102,775.329766,86.53956,7.980235,5.470619,59.286584,40.642196,14172.615975,1.458745,0.003906,0.042969,0.261719,11119.863464,1048.404982,1027.375764,84.263172,7.944516,7.785162,50.483591,49.470976,13196.587734,1.020469,0.167886,42.280902,183.743132,1.15102,1.222712,4.966058,1.148787,1.392299,55.185841,596,66.670595,99.725612,4.656211,1.222712,1.047355,0.894979,0.935903,0.777265,0.732893,0.76815,0.757105,0.637506,0.830809,0.855559,0.7292,0.818827,0.849746,0.680937,1.113729,0.909695,0.796704,1.452023,1.161961,,,,,,,,,,,,,,,,,,,,,,,,,,,,,,,,,,,,,,,,,,,,,,,,,,,,
66,872.790462,81.249453,69.391101,7.007854,45.365855,247,26.445396,13.31573,72.152723,19.081633,370,0.019531,0.070312,0.152344,3380.539465,2535.067403,637.293369,51.581083,38.680667,9.723975,79.887511,20.083009,6553.835745,3.977866,0.003906,0.042969,0.152344,2717.715648,2644.317803,602.21332,45.557959,44.327567,10.095099,81.421575,18.542838,5965.402523,4.390999,0.157506,32.09609,110.243361,1.39233,1.488425,4.489871,1.3856,0.954403,10.931516,925,36.261773,98.769522,3.228534,1.488425,1.773372,1.728139,1.791675,1.853548,1.700769,1.71372,1.574426,1.56726,1.497968,1.652738,1.510844,1.610219,1.162914,1.838744,1.542786,1.677414,1.774885,1.829695,1.682275,,,,,,,,,,,,,,,,,,,,,,,,,,,,,,,,,,,,,,,,,,,,,,,,,,,,
67,681.192493,42.562691,88.433812,5.666083,31.045373,192,11.52461,8.844941,40.481221,11.263514,220,0.007812,0.101562,0.15625,552.763915,663.828863,221.06456,38.412075,46.130081,15.361981,74.901178,24.94317,1439.036841,3.002873,0.003906,0.042969,0.152344,578.220034,775.370432,252.134511,35.98505,48.254544,15.691385,75.380117,24.512063,1606.834031,3.075225,0.154525,21.958996,56.020485,1.566489,1.798677,3.100958,1.29649,0.747125,9.032861,275,27.491419,97.331733,2.996176,1.798677,1.702296,1.878817,1.775426,1.848205,1.864542,1.609909,1.654487,1.64524,1.625947,1.72037,1.626862,1.51684,1.72908,1.680708,1.453319,1.188376,1.825834,1.464472,1.681528,,,,,,,,,,,,,,,,,,,,,,,,,,,,,,,,,,,,,,,,,,,,,,,,,,,,
68,521.997811,26.843489,115.239121,5.775996,20.386077,38,1.552922,2.049285,26.554201,7.221239,185,0.003906,0.085938,0.25,251.17937,249.113821,97.464476,41.998839,41.653465,16.2967,71.814881,28.097196,598.062656,2.555945,0.003906,0.042969,0.152344,196.181008,305.671652,136.252166,30.731535,47.883121,21.343749,69.126868,30.813082,638.370362,2.243426,0.158518,14.418085,35.11952,1.458609,1.591081,0.404661,1.171867,0.822709,11.928792,316.5,39.776556,98.536904,3.312221,1.591081,1.516032,1.549591,1.706373,1.596609,1.554643,1.730874,1.573944,1.522132,1.676363,1.508496,1.731233,1.450878,1.74032,1.485265,1.496538,1.494203,1.475868,1.401677,1.348516,,,,,,,,,,,,,,,,,,,,,,,,,,,,,,,,,,,,,,,,,,,,,,,,,,,,
69,724.262095,75.163292,83.926405,8.74736,60.825614,579,40.774648,31.049266,73.648244,18.697368,370,0.003906,0.046875,0.285156,2109.706963,1308.28653,1835.479811,40.146083,24.895675,34.927754,41.594062,58.355001,5255.07547,0.712776,0.003906,0.042969,0.308594,2483.40379,1219.324197,1714.285566,45.824571,22.499365,31.632553,41.530571,58.389113,5419.371582,0.711273,0.201806,43.025468,97.158597,1.511126,1.76317,4.387298,0.799168,0.874671,8.418037,167,23.767082,96.93589,2.890552,1.76317,1.727734,1.584867,1.720532,1.643814,1.65808,1.664447,1.73189,1.805043,1.4804,1.462135,1.417844,1.994099,1.59719,1.680708,1.701542,1.416853,1.424134,1.253163,1.586218,,,,,,,,,,,,,,,,,,,,,,,,,,,,,,,,,,,,,,,,,,,,,,,,,,,,
70,709.773205,72.098396,85.399939,8.484439,35.279853,210,13.333333,17.180592,70.617739,20.205128,360,0.003906,0.074219,0.171875,1449.172553,3255.324314,481.895616,27.939801,62.762101,9.290866,87.096763,12.8932,5186.767598,6.755248,0.039062,0.070312,0.152344,1278.351278,3512.350809,506.566898,24.129926,66.298493,9.561864,87.384247,12.602946,5297.783749,6.933637,0.151833,24.954567,98.885748,1.120685,1.103311,3.578672,1.561804,0.47792,12.515775,603,36.482123,99.208449,3.349394,1.103311,1.37653,1.651975,1.87401,1.591714,1.67872,1.49512,1.703244,1.53988,1.712861,1.692199,1.283793,1.30479,1.1645,1.447094,1.183337,1.1184,0.960132,1.067104,1.124065,,,,,,,,,,,,,,,,,,,,,,,,,,,,,,,,,,,,,,,,,,,,,,,,,,,,
71,666.732051,51.101619,90.552143,7.230041,30.949059,218,10.148976,0.982973,47.199175,12.868263,285,0.007812,0.046875,0.179688,1368.98433,492.702183,177.200835,67.113613,24.154421,8.687162,73.448083,26.415677,2039.801269,2.780473,0.003906,0.042969,0.152344,1516.89967,607.43265,181.698235,65.75572,26.331452,7.876393,76.892993,23.000609,2306.871069,3.343085,0.166482,21.88943,68.859813,1.399382,1.543394,1.632704,1.194296,1.207188,17.894022,652.5,46.779135,99.116483,3.74623,1.543394,1.389604,1.345201,1.328315,1.43147,1.380797,1.302015,1.216924,1.333535,1.219217,1.280015,1.089978,1.358666,1.222151,1.305221,1.120764,1.220002,1.048222,1.102513,1.414937,,,,,,,,,,,,,,,,,,,,,,,,,,,,,,,,,,,,,,,,,,,,,,,,,,,,
72,753.988128,45.915861,79.886553,5.06271,34.17114,163,14.248252,6.725801,43.073944,12.311828,250,0.003906,0.109375,0.214844,732.29175,383.681785,404.129656,48.145635,25.225743,26.570119,48.647289,51.239889,1520.993022,0.949403,0.003906,0.042969,0.210938,999.170505,373.968682,440.919094,55.052546,20.60502,24.29387,45.842463,54.049492,1814.939679,0.848157,0.196223,24.173293,60.251144,1.544171,1.771662,3.572285,0.954063,1.008042,11.070005,387,34.997113,97.62991,3.187061,1.771662,1.695864,1.671657,1.55814,1.391134,1.372085,1.271737,1.209244,1.164905,1.234723,1.278537,1.133389,1.1996,1.238911,1.037526,1.15908,1.211133,1.207831,1.206332,1.071762,,,,,,,,,,,,,,,,,,,,,,,,,,,,,,,,,,,,,,,,,,,,,,,,,,,,
73,910.182527,82.439449,66.578142,6.741133,45.640585,242,25.854701,13.640184,57.498646,17.351852,390,0.003906,0.046875,0.164062,2196.574622,1251.299645,854.893776,51.034502,29.07229,19.862325,59.373009,40.563918,4304.097316,1.46369,0.003906,0.042969,0.152344,3914.976932,1264.296684,736.615114,66.159589,21.365477,12.448133,63.135985,36.784816,5917.474688,1.71636,0.172963,32.290031,112.002459,1.360833,1.443816,4.563294,1.129145,1.142708,15.015456,757,43.522406,99.016563,3.579955,1.443816,1.52987,1.606069,1.541294,1.623097,1.526534,1.266945,1.36101,1.338611,1.465412,1.554233,1.293459,1.276579,1.067604,1.225402,1.188376,0.943445,1.116165,0.933273,1.071058,,,,,,,,,,,,,,,,,,,,,,,,,,,,,,,,,,,,,,,,,,,,,,,,,,,,
74,533.33513,2.66448,112.502468,0.564909,3.796435,0,0,0.013301,2.691646,1.454732,10,0.023438,0.125,0.25,0.000333,1.028249,2.329307,0.009907,30.578084,69.268982,30.581114,69.275845,3.362699,0.44144,0.039062,0.148438,0.160156,0.051165,0.56399,2.509521,1.630637,17.974349,79.978364,18.272304,81.30414,3.137749,0.22474,0.119579,2.684863,2.644695,0.517786,0.420286,0,0.651337,0.067653,168.894503,561.666667,12.32899,93.002576,2.535287,0.420286,0.590332,0.274471,0.40507,0.069039,0.473394,0.290033,0.313404,0.474593,0.093109,0.380373,0.471033,0.334868,0.112753,0.004766,0.018184,0.042498,0.110196,0.1318,0.356484,,,,,,,,,,,,,,,,,,,,,,,,,,,,,,,,,,,,,,,,,,,,,,,,,,,,
75,788.293194,70.870267,76.776776,7.198435,46.544443,330,27.138158,31.553679,68.124822,17.897059,340,0.003906,0.089844,0.234375,2440.300229,1851.063901,915.343491,46.852813,35.539705,17.574238,66.870341,33.067109,5208.43908,2.022262,0.003906,0.042969,0.257812,2189.249634,1670.480334,919.817133,45.792315,34.94127,19.239723,64.458148,35.492611,4780.823229,1.8161,0.174806,32.925518,94.63738,1.483447,1.641674,3.787604,1.226678,0.911707,11.916702,395,35.183656,98.539064,3.305893,1.641674,1.624104,1.669499,1.559015,1.341761,1.351525,1.453141,1.293899,1.359371,1.269846,1.212872,1.308912,1.172237,1.321149,1.439167,1.326568,1.590568,1.10568,1.472983,1.862999,,,,,,,,,,,,,,,,,,,,,,,,,,,,,,,,,,,,,,,,,,,,,,,,,,,,
76,671.007597,39.828961,89.737261,5.40111,22.582938,48,2.981366,1.344858,39.03444,10.74,195,0.015625,0.089844,0.164062,608.969047,783.716962,138.568864,39.75644,51.164827,9.046445,84.929953,15.016451,1531.749448,5.655794,0.039062,0.050781,0.152344,447.501917,891.103511,144.124345,30.174249,60.085507,9.718045,86.050643,13.917567,1483.058985,6.18288,0.14355,15.973517,54.019798,1.458019,1.524514,1.398612,1.495142,0.666027,10.371259,279,32.548028,98.66791,3.169923,1.524514,1.555583,1.836093,1.629342,1.943197,1.903538,1.791318,1.712651,1.97614,1.919091,2.028672,1.409007,1.692154,1.425176,1.953123,1.678658,1.75636,1.492011,1.906305,1.430578,,,,,,,,,,,,,,,,,,,,,,,,,,,,,,,,,,,,,,,,,,,,,,,,,,,,
77,788.454726,73.891422,76.868989,8.162476,40.865169,337,22.878479,17.943051,66.975885,16.942529,375,0.003906,0.109375,0.308594,3241.233153,1203.55279,502.141988,65.504725,24.32358,10.148197,70.512787,29.419093,4948.09064,2.396838,0.003906,0.042969,0.152344,2832.187629,1312.208403,590.226567,59.802448,27.707654,12.462802,68.92871,31.003883,4735.905837,2.223228,0.150597,28.906078,100.29384,1.446905,1.553379,4.639627,1.228619,0.957492,13.814785,784,45.336586,98.804246,3.473841,1.553379,1.61699,1.591356,1.599367,1.628394,1.647832,1.267238,1.389791,1.499191,1.352974,1.425473,1.403718,1.450045,1.263991,1.6066,1.303965,1.165343,1.325921,1.643941,1.64516,,,,,,,,,,,,,,,,,,,,,,,,,,,,,,,,,,,,,,,,,,,,,,,,,,,,
78,694.772107,43.10443,86.760833,5.381867,24.106823,63,4.608632,23.421234,43.457969,12.90566,255,0.003906,0.105469,0.28125,785.650028,573.133864,292.639553,47.569768,34.702277,17.718825,66.187532,33.795054,1651.574235,1.958498,0.003906,0.042969,0.152344,752.374122,728.871359,313.150987,41.921834,40.612275,17.448585,69.926924,30.043278,1794.707063,2.32754,0.274406,17.052367,58.483016,1.377497,1.458181,2.976628,1.169809,0.765095,9.603284,512,29.923397,98.303343,3.060392,1.458181,1.85296,1.823064,1.672794,1.893179,1.574157,1.651755,1.829632,1.554132,1.349551,1.686094,1.568091,1.621813,1.553009,1.316065,1.528177,1.168574,1.309689,1.618623,1.057374,,,,,,,,,,,,,,,,,,,,,,,,,,,,,,,,,,,,,,,,,,,,,,,,,,,,
79,761.964918,73.753423,79.480303,7.488002,40.983221,245,17.896275,23.417261,73.672903,18.513514,410,0.003906,0.089844,0.179688,2620.600622,1884.139508,562.827824,51.70523,37.174633,11.10476,76.974448,22.993712,5068.347317,3.34763,0.003906,0.042969,0.152344,2868.496906,1929.243164,595.898824,53.169789,35.760001,11.045441,76.360963,23.586145,5394.9752,3.237535,0.152033,28.990117,100.17037,1.260395,1.254178,3.474798,1.309957,1.052652,13.796248,891,38.401109,99.071938,3.468908,1.254178,1.408629,1.48428,1.660479,1.616792,1.518499,1.566215,1.668396,1.457642,1.684443,1.659159,1.800009,1.477231,1.489093,1.805203,2.49267,1.517949,1.572054,1.598004,2.079025,,,,,,,,,,,,,,,,,,,,,,,,,,,,,,,,,,,,,,,,,,,,,,,,,,,,
80,761.576335,50.016042,79.145485,5.387742,40.647983,22,23.157895,,,10.666667,225,0.019531,0.042969,0.261719,406.288539,56.269346,1310.296739,22.913281,3.173398,73.896246,4.11666,95.86119,1773.157377,0.042944,0.003906,0.042969,0.253906,824.607704,510.689203,1035.516893,34.775651,21.536968,43.670189,33.019828,66.953814,2371.221452,0.493173,0.137856,28.900464,62.477185,0.629045,1.255931,2.633247,0.835343,0.947582,10.182692,86,28.907385,96.800731,2.804164,1.255931,1.189131,2.49937,1.520534,1.271978,1.248309,   NaN,0.907992,   NaN,1.119232,   NaN,   NaN,   NaN,   NaN,   NaN,   NaN,   NaN,   NaN,   NaN,   NaN,,,,,,,,,,,,,,,,,,,,,,,,,,,,,,,,,,,,,,,,,,,,,,,,,,,,
81,878.480542,78.246511,68.861047,6.270576,52.200126,384,32.241814,34.392113,74.348152,16.108108,415,0.003906,0.042969,0.308594,2841.773495,2019.422072,782.79689,50.342838,35.774645,13.867473,72.043273,27.92643,5644.84169,2.579752,0.003906,0.042969,0.152344,2964.090386,2079.14193,890.91079,49.936765,35.027819,15.009395,69.96715,29.980873,5935.687656,2.333726,0.146705,36.926597,104.315463,1.484718,1.629364,4.304409,1.122285,0.88768,11.082502,509,33.614946,98.307919,3.230924,1.629364,1.683435,1.826548,1.705962,1.575874,1.407523,1.610767,1.503631,1.372919,1.743284,1.880386,1.459128,1.608909,1.762982,1.638149,1.65334,1.430938,1.476743,2.599452,1.845831,,,,,,,,,,,,,,,,,,,,,,,,,,,,,,,,,,,,,,,,,,,,,,,,,,,,
82,759.651036,49.062254,79.373834,5.296184,28.480848,103,7.341411,16.440165,45.892353,12.208696,280,0.007812,0.089844,0.179688,1554.806015,464.62678,226.057867,69.207405,20.681431,10.06227,67.163651,32.677565,2246.589102,2.055344,0.003906,0.042969,0.152344,1418.929548,502.45066,246.260433,65.40481,23.160199,11.351245,66.946298,32.811628,2169.457474,2.040322,0.16577,20.146323,66.328384,1.481883,1.633399,1.651221,1.168365,0.893507,14.540737,990,43.722056,98.923579,3.527645,1.633399,1.579764,1.461351,1.658336,1.603094,1.480869,1.48365,1.766754,1.714654,1.570784,1.392683,1.986434,1.531299,1.649653,1.465634,1.254796,1.188376,1.30239,1.364389,1.364104,,,,,,,,,,,,,,,,,,,,,,,,,,,,,,,,,,,,,,,,,,,,,,,,,,,,
83,659.998596,29.732127,91.098721,4.215077,15.535816,0,0,0.35511,28.470222,7.373134,150,0.003906,0.109375,0.277344,548.480873,163.753342,143.867827,64.064311,19.126911,16.80422,53.225392,46.761925,856.141065,1.138221,0.003906,0.042969,0.28125,444.5956,210.683814,168.323758,53.975651,25.577842,20.435165,55.574588,44.400769,823.696594,1.251658,0.199072,10.991051,40.543609,1.286052,1.369504,0.482699,1.143325,1.083405,12.988787,978,42.231916,99.021662,3.40439,1.369504,1.631573,1.680889,1.606801,1.493048,1.671042,1.598485,1.783597,1.657156,1.700924,1.586581,1.467672,1.643835,1.335118,1.418513,1.774675,1.677579,1.303078,1.779553,1.652489,,,,,,,,,,,,,,,,,,,,,,,,,,,,,,,,,,,,,,,,,,,,,,,,,,,,
85,823.157885,50.022497,73.201779,4.661985,35.177031,187,14.678179,20.267196,47.188548,12.623762,290,0.003906,0.09375,0.292969,731.221993,1165.75842,240.56841,34.197026,54.518971,11.250652,82.851834,17.097482,2138.261964,4.84585,0.039062,0.0625,0.152344,621.699365,1320.207925,280.363783,27.96382,59.382491,12.610665,82.434259,17.506016,2223.227581,4.70891,0.15607,24.883695,66.196133,1.56627,1.848156,3.521769,1.403551,0.587109,9.219836,287,28.745694,97.010336,2.985145,1.848156,1.786977,1.83123,1.909513,1.828204,1.634268,1.767268,1.714477,1.435852,1.450547,1.363695,1.435366,1.323081,1.555343,1.364503,1.166358,1.744384,1.680267,1.346689,1.057374,,,,,,,,,,,,,,,,,,,,,,,,,,,,,,,,,,,,,,,,,,,,,,,,,,,,
86,691.063963,36.278958,87.060652,4.537729,27.088517,113,6.562137,3.380708,35.911636,11.116129,190,0.007812,0.0625,0.324219,671.968369,271.834401,177.082538,59.912517,24.236681,15.788631,60.459473,39.385438,1121.582613,1.535072,0.003906,0.042969,0.304688,686.514608,300.791415,186.756542,58.415925,25.594515,15.891222,61.548838,38.214682,1175.218249,1.610607,0.178322,19.160077,47.539667,1.573889,1.80341,0.986862,0.998735,0.946392,9.241572,190,30.033572,97.405697,3.031882,1.80341,1.697292,1.5992,1.642428,1.612362,1.535979,1.66364,1.73556,1.618572,1.483773,2.154217,1.536696,2.004586,1.705824,1.464485,1.758701,1.574039,1.990764,1.779553,2.183385,,,,,,,,,,,,,,,,,,,,,,,,,,,,,,,,,,,,,,,,,,,,,,,,,,,,
89,834.087222,66.085628,72.432515,6.331495,42.827801,277,18.678355,16.775814,62.323982,14.693069,330,0.003906,0.054688,0.320312,2106.970981,1011.48127,763.678772,54.247072,26.042076,19.662035,56.918927,42.974376,3884.027093,1.324485,0.003906,0.042969,0.316406,2040.749978,1069.031408,692.868729,53.642287,28.100106,18.212453,60.615816,39.286781,3804.367923,1.542906,0.150406,30.294222,88.275437,1.460886,1.659356,3.848119,1.026636,0.92851,11.49051,221,41.039996,98.539125,3.279239,1.659356,1.567809,1.517276,1.328735,1.471529,1.553185,1.404495,1.343432,1.217747,1.327108,1.405368,1.447697,1.409638,1.236156,0.955487,0.913869,0.808571,1.229563,1.421913,1.133747,,,,,,,,,,,,,,,,,,,,,,,,,,,,,,,,,,,,,,,,,,,,,,,,,,,,
89b,692.340406,60.073977,87.344051,7.788886,25.301117,68,4.563758,30.674595,56.653439,16.384615,315,0.003906,0.0625,0.167969,2442.915158,754.861653,478.930394,66.436288,20.528837,13.024749,61.163785,38.806045,3677.079552,1.576141,0.003906,0.042969,0.183594,2255.846867,698.797848,513.575132,65.037572,20.146809,14.806714,57.624169,42.35036,3468.528728,1.360654,0.194115,17.896728,83.030185,1.083898,1.081152,3.638132,1.322852,1.021868,15.64872,879,41.424282,99.44988,3.597673,1.081152,1.542778,1.555587,1.674091,1.486309,1.389802,1.686372,1.52273,1.559424,1.53784,1.286464,1.341551,1.66483,1.55685,1.611219,1.819325,1.732263,1.697217,2.229078,2.192354,,,,,,,,,,,,,,,,,,,,,,,,,,,,,,,,,,,,,,,,,,,,,,,,,,,,
89c,772.725331,63.67967,78.197939,6.316279,47.607798,236,28.886169,16.328715,64.707307,17.404255,335,0.003906,0.109375,0.261719,699.203883,984.765108,1256.333664,23.776244,33.486678,42.721295,43.932076,56.047219,2940.766777,0.78384,0.039062,0.0625,0.246094,785.36788,1886.44932,1319.178553,19.675106,47.259495,33.048178,58.835428,41.143132,3991.683186,1.430018,0.143926,33.684631,83.49868,1.320629,1.46225,3.947992,1.196803,0.713119,9.985256,353,27.706228,97.852558,3.097779,1.46225,1.871877,1.6602,1.579503,1.424274,1.520671,1.47334,1.338669,1.596318,1.502215,1.46049,1.249534,1.137874,1.148371,0.936463,1.345889,1.138981,1.217713,1.050417,1.665701,,,,,,,,,,,,,,,,,,,,,,,,,,,,,,,,,,,,,,,,,,,,,,,,,,,,
90c,644.696007,46.274324,93.540271,6.63597,37.729556,30,18.518519,,,10.866667,200,0.035156,0.136719,0.152344,247.201375,688.586296,361.338986,19.030834,53.010916,27.817734,65.470498,34.35596,1298.951884,1.905652,0.039062,0.082031,0.152344,273.981674,1129.037591,540.139254,14.093737,58.078187,27.784999,67.606464,32.343392,1943.995932,2.090271,0.234602,26.763376,59.739921,0.818259,1.933526,3.558184,1.39562,0.756215,7.085873,99,22.398381,96.310241,2.571947,1.933526,2.074903,1.261187,1.606277,1.320715,1.867469,0.466576,   NaN,0.977363,1.471452,0.938527,   NaN,1.601139,1.175573,   NaN,   NaN,0.83155,   NaN,   NaN,   NaN,,,,,,,,,,,,,,,,,,,,,,,,,,,,,,,,,,,,,,,,,,,,,,,,,,,,
92,639.093572,28.178844,94.063519,4.124543,30.844425,10,11.494253,,,7.333333,110,0.039062,0.121094,0.269531,13.686297,247.118293,388.90621,2.104404,37.996882,59.798176,38.813678,61.083622,650.364667,0.635419,0.039062,0.113281,0.289062,33.938778,235.996815,337.376089,5.583155,38.823046,55.500611,41.118771,58.782531,607.878148,0.699507,0.149297,21.936805,33.5188,0.511275,2.076939,1.366847,1.14157,0.130849,4.457143,16,11.504567,86.908078,1.985996,2.076939,1.142523,   NaN,   NaN,   NaN,   NaN,0.907992,   NaN,   NaN,   NaN,   NaN,   NaN,   NaN,0.652325,   NaN,   NaN,   NaN,   NaN,   NaN,   NaN,,,,,,,,,,,,,,,,,,,,,,,,,,,,,,,,,,,,,,,,,,,,,,,,,,,,
93,637.116188,49.796904,94.732117,7.300455,34.858035,7,16.666667,,,7.166667,185,0.039062,0.042969,0.152344,741.818816,1218.588876,1007.181892,24.995166,41.059665,33.936426,54.742692,45.245652,2967.849072,1.2099,0.003906,0.042969,0.152344,393.803831,979.219824,547.295121,20.501997,50.9796,28.492976,64.126894,35.841121,1920.807187,1.789199,,24.949922,66.544283,   NaN,   NaN,   NaN,   NaN,   NaN,   NaN,   NaN,   NaN,   NaN,   NaN,   NaN,Sample,meanrr,sdnn,meanhr,sdhr,rmssd,nn50,pnn50,sdann,sdnni,hrvtri,tinn,vlfpeakfft,lfpeakfft,hfpeakfft,vlfpowfft,lfpowfft,hfpowfft,vlfpowprfft,lfpowprfft,hfpowprfft,lfpownufft,hfpownufft,totpowfft,lfhffft,vlfpeakar,lfpeakar,hfpeakar,vlfpowar,lfpowar,hfpowar,vlfpowprar,lfpowprar,hfpowprar,lfpownuar,hfpownuar,totpowar,lfhfar,edr,sd1,sd2,apen,sampen,d2,dfa1,dfa2,rplmean,rplmax,rprec,rpadet,rpshen,mse-1,mse-2,mse-3,mse-4,mse-5,mse-6,mse-7,mse-8,mse-9,mse-10,mse-11,mse-12,mse-13,mse-14,mse-15,mse-16,mse-17,mse-18,mse-19,mse-20
95,590.237086,24.590544,101.868745,4.227053,18.061895,8,0.601504,8.206549,26.400218,6.52451,205,0.003906,0.089844,0.15625,676.134259,1047.226303,354.051323,32.537646,50.39573,17.038031,74.702003,25.255614,2078.006039,2.957838,0.003906,0.042969,0.152344,583.840992,851.783042,299.059147,33.647013,49.088632,17.23491,73.981043,25.974581,1735.194101,2.848209,0.186787,12.776499,32.344796,1.374059,1.462326,0.413527,0.948767,0.997367,13.771321,608,40.512544,99.110756,3.479832,1.462326,1.572626,1.547561,1.651942,1.529021,1.617082,1.591349,1.539441,1.570266,1.535889,1.535546,1.767219,1.398163,1.37131,1.407472,1.138579,1.669349,1.166589,1.45432,1.855881,,,,,,,,,,,,,,,,,,,,,,,,,,,,,,,,,,,,,,,,,,,,,,,,,,,,
96,714.598264,39.031227,84.217398,4.665449,29.111079,97,8.227311,0.727842,37.111249,11.346154,200,0.003906,0.089844,0.152344,290.696084,655.428007,252.992183,24.228849,54.628414,21.086316,72.096588,27.82895,1199.793213,2.590705,0.003906,0.042969,0.152344,429.296669,685.099996,251.507513,31.406097,50.119925,18.399559,73.067608,26.823898,1366.921444,2.723974,0.146127,20.593584,51.137074,1.588496,1.872876,2.999534,1.281182,0.668243,7.644399,246,25.436395,96.657406,2.800246,1.872876,1.893108,1.753253,1.787177,1.862809,1.796131,1.943846,1.891167,1.948588,1.667251,1.634185,1.428893,1.365679,1.377061,1.142725,1.238573,1.154185,1.473208,1.359761,1.419164,,,,,,,,,,,,,,,,,,,,,,,,,,,,,,,,,,,,,,,,,,,,,,,,,,,,
97,732.170928,51.489656,82.371192,6.028677,31.776274,237,10.977304,7.989354,51.644821,14.794521,255,0.019531,0.042969,0.175781,1535.27088,686.824265,273.336148,61.505533,27.515335,10.950306,71.478675,28.44644,2496.150847,2.512746,0.003906,0.042969,0.152344,1362.296443,777.393608,285.965857,56.138112,32.035178,11.784207,73.036478,26.866621,2426.687311,2.718484,0.157886,22.47443,69.275892,1.44279,1.586292,2.755271,1.241421,1.14787,12.683916,727,37.579894,98.656139,3.38719,1.586292,1.577513,1.659209,1.589922,1.641487,1.800991,1.771287,1.645643,1.461807,1.971044,1.618214,1.583646,1.658161,1.674379,1.736564,1.626508,2.263002,1.555201,2.008088,1.953253,,,,,,,,,,,,,,,,,,,,,,,,,,,,,,,,,,,,,,,,,,,,,,,,,,,,
98,689.788725,35.521961,87.223159,4.584172,17.457738,9,0.555213,3.766323,32.373948,10.33121,195,0.003906,0.078125,0.214844,623.007593,320.845716,119.224362,58.581986,30.169422,11.210778,72.841305,27.067396,1063.479815,2.691109,0.003906,0.042969,0.152344,684.347716,377.167819,116.641973,58.074827,32.007056,9.898422,76.343288,23.609734,1178.389599,3.233551,0.160659,12.348313,48.694493,1.450493,1.606031,0.557002,1.201343,1.087663,13.574523,563,40.996007,98.9901,3.468271,1.606031,1.60672,1.615101,1.544724,1.50422,1.658688,1.653472,1.555022,1.686483,1.903944,1.703563,1.876419,1.494623,2.064457,2.030415,2.107008,1.928211,2.390364,1.395479,1.450416,,,,,,,,,,,,,,,,,,,,,,,,,,,,,,,,,,,,,,,,,,,,,,,,,,,,
99,717.931325,48.773113,83.980518,5.920324,49.802776,410,24.332344,10.643567,48.575065,13.488,255,0.003906,0.0625,0.328125,1011.674399,590.21333,263.444623,54.198161,31.61934,14.113448,69.035089,30.814151,1866.621268,2.24037,0.003906,0.042969,0.152344,832.948299,677.849871,280.600007,46.440691,37.793242,15.644738,70.563348,29.21012,1793.574304,2.415716,0.16971,35.226338,59.322641,1.475225,1.670823,4.405002,0.940404,0.95884,7.932123,79,23.30989,96.174243,2.844288,1.670823,1.562325,1.538823,1.70569,1.794423,1.70389,1.417869,1.532924,1.554132,1.500468,1.314098,1.438715,1.742441,1.106202,1.281178,1.758701,1.592057,2.042057,1.384429,1.590178,,,,,,,,,,,,,,,,,,,,,,,,,,,,,,,,,,,,,,,,,,,,,,,,,,,,
100,792.378836,66.620463,76.324415,6.995784,35.821151,227,13.909314,17.544973,64.030253,14.324561,310,0.011719,0.09375,0.164062,2002.048722,1349.322699,339.881447,54.216807,36.540553,9.204215,79.812155,20.103916,3692.671787,3.96998,0.003906,0.042969,0.152344,2146.198453,1442.730632,361.334347,54.311676,36.509726,9.143923,79.910408,20.013698,3951.633642,3.992786,0.142877,25.337171,90.694221,1.402201,1.499506,2.894911,1.444758,0.947235,12.959541,568,36.692289,99.023166,3.42284,1.499506,1.445436,1.511051,1.681027,1.615236,1.552712,1.663766,1.739197,1.659084,1.380588,1.513227,1.544076,1.677902,1.471461,1.559198,1.478399,2.007675,1.754375,1.50084,1.964095,,,,,,,,,,,,,,,,,,,,,,,,,,,,,,,,,,,,,,,,,,,,,,,,,,,,
101,743.832093,58.498239,81.19433,6.585941,38.614446,248,20.097245,19.760749,54.497129,13,315,0.003906,0.066406,0.277344,1547.85091,623.14074,603.325142,55.756524,22.446711,21.732915,50.73451,49.121175,2776.089317,1.032844,0.003906,0.042969,0.152344,1884.199396,615.974822,561.674475,61.508038,20.107958,18.335371,52.23937,47.634286,3063.338471,1.096676,0.160174,27.315953,77.932265,1.578552,1.814095,4.035346,0.970439,0.807536,7.875068,151,24.402875,96.634343,2.811713,1.814095,1.738573,1.777,1.813148,1.707576,1.663682,1.74142,1.775565,1.597215,1.41478,1.817016,1.594376,1.947235,1.740509,1.398458,1.689708,1.461243,2.15984,1.276072,1.414049,,,,,,,,,,,,,,,,,,,,,,,,,,,,,,,,,,,,,,,,,,,,,,,,,,,,
102,533.337229,3.563866,112.504281,0.757297,5.561756,0,0,0.009178,3.545402,1.954938,10,0.039062,0.125,0.375,0.000289,0.565511,4.28593,0.005958,11.649016,88.286349,11.64971,88.291609,4.854579,0.131946,0.039062,0.148438,0.378906,0.041183,0.275081,3.461478,1.078675,7.204932,90.663233,7.283497,91.651859,3.817951,0.079469,0.125386,3.933721,3.152869,0.613783,0.53019,0,0.44007,0.038507,5.506365,459,13.95058,91.911793,1.938186,0.53019,0.661314,0.334048,0.532018,0.056888,0.414407,0.408197,0.352522,0.320506,0.145001,0.253285,0.145107,0.084931,0.03315,0.002172,0.02999,0.069986,0.13315,0.053234,0.067973,,,,,,,,,,,,,,,,,,,,,,,,,,,,,,,,,,,,,,,,,,,,,,,,,,,,